1.2,1.2,1.2,0,0,0
44.42163676545369,-98.86147303471553,15.662769748943788,-0.7659297748596995,-0.04095054841614743,0.07402209514828753,1.2223070935825127,0.7705872033730872,1.0175919992797744
394.06223782348263,-194.24081880362004,375.2516286918817,0.221011496897295,0.8783425006126884,-0.05180529556931375,1.3730873881626784,0.9072019724363243,1.105284454120129
436.2254478512688,-222.23370671269092,-142.09642418935965,-0.2916193763924844,0.02360107698374159,0.8557097646340491,0.9871515455301215,0.9043440013691657,1.6619125569130209
139.37831801192962,-145.63083945570318,-51.15544672709784,-0.16342040176989173,0.35900259587259326,0.5745656508648893,0.7660619077262925,0.6969324061282322,1.0741706367053976
-280.16768522585187,-17.975531232364716,-335.9488435542709,-0.02250044720613913,0.613108103426823,0.6725916274936566,0.9536043504869958,0.9103775667198076,1.7558199580053166
-136.82219467955775,90.73627315963721,-83.54662989763422,0.30362811626590924,-0.48432605303135623,-0.5755000655263783,1.3177536013891775,0.8111486202003811,1.0099952349664585
313.28372170324053,-62.54736148274738,-226.15560889615196,-0.5969506968124587,0.4133850308236985,-0.27288856797832045,1.0496816482064613,0.7756967762387882,1.1659930200830435
-51.605938692637615,-235.07461918092963,126.50307661689381,0.460136110461106,0.7341771885977085,0.27663632008634426,0.8600558403478087,0.9095433128765362,1.9695922920632174
-29.993265887133262,1.6855254034967495,15.787245439045622,0.8835663218240118,-0.10168046672957111,0.16520526277830386,0.6699154886936975,0.9046110441651732,2.5163270091151886
-119.89189068210324,21.940964276689982,-43.87740832542659,0.8175303963411642,-0.21879963985244086,-0.32675332561391046,0.718344044742171,0.9071918028405288,2.37127988773786
-56.653475511514536,-133.80503226252108,-86.62110415108764,0.6947968368144763,0.577244304332417,0.04799805549880209,0.6613606918385271,0.9045758368778619,2.5483837001389755
-443.66675308585843,97.05813244364751,522.4950101263761,-0.06245442493909386,0.14247316251790643,-0.7446978541572564,0.8500791448818924,0.7607720100126905,1.270121150422341
72.49143736409654,281.8368270236394,191.0153640738938,-0.5478185708910641,-0.6198441419407147,0.32515526186405436,1.0561518055326922,0.8888407569577526,1.4858076054177038
-472.2138895796781,-72.54377752065258,150.2972074994298,0.680258590273393,0.2934186894120844,0.11582369724767615,0.5242851920045424,0.7498409203165499,1.299201979743554
-54.79740845501758,22.503759358456275,77.16925741027127,0.6603071968462959,-0.09753089358268735,-0.35885350170461827,0.4597077500186383,0.7578216842343038,1.3132514077867097
24.578674671842283,95.37617399598145,81.57844140230273,0.5236776808137777,-0.7125918587817675,-0.21513789592928423,0.8967964270456944,0.9101152591015222,1.8823778934555004
96.01212182088805,131.08811431259414,-362.21377691428836,-0.7153024187191807,0.358892463835608,0.42661197269233725,1.0595287780136524,0.9068953225526917,1.5390070986738442
-93.8353606966087,-264.86383602898104,-653.784085360364,-0.2682978047731864,0.7022767951517086,0.5152595190252919,0.6960504750904839,0.9114103252656517,2.499019888466792
-127.6381445476237,54.59731113406601,7.023307376575531,-0.17168299455872443,-0.8667670564675337,-0.04922172143178858,1.3598645899899533,0.8849762475110574,1.0857376172313358
110.76762441443512,45.12304484840775,-12.69790893292912,-0.628507427204774,-0.2282413858036484,-0.6166969244568677,0.8514766916086125,0.9096322404574794,1.9922716334178612
-56.29639174318844,24.375353553593722,-42.4857761456606,-0.2647310403927256,-0.5953552395637123,0.44596016312378745,1.2504101300846917,0.7895637099796161,1.0299323623344214
-217.23279133484286,-453.1803465719933,443.6561763042298,0.4132413911936198,0.02728612702314834,-0.8101211999930297,0.712500662822062,0.9098402820285043,2.419975024727788
15.211027458578652,-887.1358152956797,-33.78715992210622,0.29959845614321723,0.305801005567702,0.8060857163140698,1.199592625085785,0.9127144525946678,1.3345640893679702
-449.8779798609225,-97.0443957989865,-173.11757891251247,0.012269371674556778,0.7102712145727799,0.5615235707073273,1.175010720017593,0.905507844356904,1.3528796294007899
-87.11110355411193,332.52323577622525,-26.670084031207544,-0.1112907104159049,-0.6827091114913265,-0.5927579628406338,0.8742075858260864,0.9109551886065151,1.9423242102299128
-33.029562738817695,8.78980706372159,-14.716492006738124,0.023992896402963013,-0.911272671920176,0.013380665293118049,1.3023228514927245,0.9116866697884897,1.1958184558810427
-8.610496903358024,-16.19577301695981,40.70637228470159,0.38105052215400725,-0.08875507050027118,-0.5719641332714198,0.6230747671949838,0.6929790276208048,1.0543641472679974
-369.72332786182915,-326.85245925732556,-143.79294601166333,0.6858542902701139,0.4177783916638656,-0.4226395093064293,0.7868631910104589,0.90750154096285,2.1559098784140995
167.391364289142,199.30207944547442,-51.97832052473265,-0.05096930063282117,-0.4995896984708516,-0.5359325761840228,1.1465254234309867,0.7344463647132027,1.0007866392775246
-202.34438038422147,-55.372735598181755,-147.5178262777295,-0.16093506202942753,0.4473347970877948,0.7776282993424337,1.0957039087472078,0.9114352894277244,1.4918021836027457
-50.02252428646677,-101.64815308070554,-268.22473755182335,0.41060743229567526,-0.4834314943962119,0.6514957620381503,0.9860066038006332,0.9092585997307214,1.684211924444532
34.070853720149394,617.3941473864762,-254.98507114684722,-0.188157319753562,0.13527564790649257,0.8822230318620244,1.3260239145136157,0.9121513886637392,1.1677192487539354
183.28598306269043,-110.99425766636983,167.07364526282905,-0.5926055349523425,0.08454365121968672,-0.5424689122938613,0.31597088233444554,0.8078375268722002,1.5801053123508129
-223.46551103197766,124.24092926343855,400.52838460272733,0.5745187658491837,0.0518264077837322,-0.370674783891203,0.5917973037843041,0.6856803805487108,1.0156597954621576
-33.87121336384708,-191.61461865521855,265.89683634183126,0.7003955799121174,-0.32953754478498387,-0.47742195462231257,1.2743900961040924,0.9094397641068571,1.2267496903928976
-83.92329777087649,-577.170511060427,166.50467775794291,0.42757357881456076,0.36471612781983886,0.7158493334302998,1.3382871946282722,0.9100974054269098,1.1497216982961431
-595.1780049400005,394.06135902511016,565.7846967058266,0.711070621375069,-0.5534269827629599,0.12353141987835915,0.8096216471703365,0.9094849451915099,2.1052440157672025
-366.4787481745943,310.112121211007,-118.54367694571684,0.6887317288712118,-0.08868501196483031,0.5911582265835141,0.6823711550046101,0.9119673648538613,2.55962492861993
-152.1624646401319,205.08289401165905,-143.87222787071983,0.7147985958691365,-0.2648829546008026,0.5019870657138767,0.4958444080001295,0.9127382025743023,3.6019857378355833
-9.44338410333655,-159.45515888511684,745.1748317089057,-0.5159572015024628,0.3928914297007541,-0.5272658656936556,0.7847955549905699,0.8358138563341935,1.67708092082933
17.767112707459468,29.340578074934466,8.283891086818215,0.5373486598397046,-0.4240389916545155,-0.5949575188479633,1.323847408050578,0.906932796798434,1.1614957241515855
248.78637222591234,-719.4615158011272,263.48680722306295,-0.15518374185606054,0.8799687695352721,0.15857441839217745,0.5322616734523582,0.9075091598778973,3.2116286455568495
-78.98650656124693,-102.62340872454466,-131.69246122421734,0.6307664233162042,-0.09857262082415233,0.266968880112848,0.9449973332754035,0.6919936598755565,1.0087709050582012
-895.7332487134677,179.87401184237692,-293.523464425852,-0.49270697270820324,-0.5448784640888055,-0.11671534777920226,2.128207012814366,0.743824693049564,0.44110150462652653
-829.473365696315,67.64548711233464,-143.3273280600689,-0.17769908183398586,0.05194586382202446,0.3495106380925112,1.8774185534714856,0.3955161470694872,0.3334597857184678
-780.9076046923219,-196.2212555286365,-294.90147038403995,-0.01877469221153942,0.009413605541820491,-0.20109257388020005,1.9997985653409527,0.20218637022979258,0.16835413777853206
-755.9040742502117,601.7963020146756,-20.533825320668647,0.2253199657876944,-0.23994399552777307,0.04763040946367531,0.18892342251394137,0.3325821159925427,0.097265074151702
-708.5100530423532,-326.24264016551257,-121.02745850783788,0.026217884017377534,0.22036198711433963,-0.29520623208975805,1.3819022620727113,0.36931490935509376,0.3925675601842143
-697.6737845629608,492.41238554873,56.276395906657115,0.28559702909153606,-0.38258061088245177,-0.45313839973472636,0.7474609587320001,0.6582309595903633,0.949669967467236
-692.6719636617189,169.77906817144807,-219.35600194138027,0.0687394653867329,0.3253610163077098,0.30791810601103314,1.392667711841895,0.4532090743176503,0.48905943794729395
-664.4164845074014,-59.00391160351933,-97.91222454110736,0.20010797226734484,-0.15694473078027968,0.059676304934514236,0.7443141459085355,0.26122042503464393,0.22414685368658982
-649.3287015083356,-436.88490688978885,29.002751724195807,0.12899131315721896,0.06987504617076591,-0.3200927478528727,1.1061495619981063,0.35210885841653167,0.3805539624759887
-640.3264749848919,343.1198425332075,103.83794757617,0.008799379898485964,0.029020438332299323,0.049520217498879464,1.7947826382526066,0.05806777823141673,0.05582843457178414
-623.614029281674,-245.35997882095904,-199.84361815725583,-0.4297936146446678,0.1206378989348275,-0.29748281328390114,2.488220041191929,0.5364439188284673,0.22234026382494712
-579.958477740999,-485.25251342810975,-331.8976982458308,-0.2572521443748584,-0.06635558424015425,0.7977502486583975,1.450430577063953,0.8408253020573597,0.9385434661827639
-577.8237478845491,-140.9241587779837,-617.25249015456,-0.4068014003296082,-0.08697011553650093,-0.2680876239668906,2.9090657534838193,0.4948961046833723,0.07465752455581864
-547.6169471199127,-351.2330472848366,-413.4102566594322,0.19419546590789447,-0.20106840628125397,-0.28375383648837516,1.8397472965272788,0.3983172387752496,0.3441016394898495
-545.4410495164626,61.36923944484013,-529.5187941716996,0.04843379618206712,-0.014922035283181355,-0.09455930933347136,1.8523901682107198,0.10728449436531662,0.09979965584719787
-541.2563274326083,13.410219336524623,436.32449027794365,-0.039778383887218986,-0.08171837284521946,0.11343136155910864,2.334869119400555,0.14535090667175934,0.09453293796993881
-536.0319743013055,-138.59725365226558,-280.51186295421076,0.21071272208458167,-0.05631887256832714,-0.3388035811716279,1.5303811584908888,0.4029386222123432,0.4099202235476296
-469.5355731662969,-379.35930470325127,536.3884453486685,0.22398050370861852,-0.42704714828698537,0.22871918499639846,2.00042681189923,0.5337124679891128,0.39018697801456836
-468.0539518744154,-750.0741140425304,-433.5745301060629,-0.6053894102357807,-0.649286401517997,-0.20523249141303362,2.8500043479889285,0.9111473781740345,0.13391293645035623
-451.6900928018964,-248.2836608767072,163.19045829956966,0.33142627554969784,-0.740330905522687,0.40861066971691273,1.777528372068226,0.9082378021219387,0.7381524960506154
-442.4557985613124,307.16238733985534,-65.00726628181197,-0.7945903895687644,0.06700041474062084,0.22936346385299852,2.4874717972110174,0.829741249620086,0.29330220007452334
-439.3954316505747,-157.17161140049473,520.5310670942471,-0.2929111645068972,0.8439801021032183,0.1690547163357425,1.7034207655595401,0.9092188186318536,0.7963495285341736
-436.20659251334354,-752.6438370809273,110.81848445040103,0.15320937507317625,0.46495258098367986,-0.12206365022441498,0.23484837235322079,0.5045330017747174,0.2538525726466264
-434.61706475928474,-99.93951150486103,-806.5368506699575,0.2241509538960254,-0.1312019085451589,-0.870696786025661,2.4008035437750364,0.9086090931384112,0.3535292922084434
-416.62652240987615,109.70558592688344,-327.64742530532436,0.3537759335606955,-0.09345481493414967,-0.06970540682830023,0.838433937564016,0.37249168761492735,0.3809062692943787
-414.1883072183105,-90.39865095083374,269.20654454070853,-0.26935604783459816,0.6676092704767376,-0.4317594659015428,1.415944197988386,0.8394468743923832,0.966476383000543
-394.3602042712078,-478.62670058035,-396.7568442871143,-0.16813180971953093,0.00038761784033553937,0.21660921472258177,1.4724471207095038,0.27420431723422634,0.2811721817240341
-380.84771224180236,-783.3271019903493,-34.3252462964197,0.2364913886388149,-0.26924932227194964,-0.10860875774658763,1.9623691066194506,0.37445859144033017,0.29926591914327966
-357.6000967487617,183.32722822742474,-784.9842858924159,-0.001618376333809282,-0.0012603170222307651,0.0011676242852363353,1.293960811917388,0.0023602727439497873,0.002272011258238588
-348.1752722031172,-313.64338322447486,272.4151184580367,0.20316990279557387,-0.14005714539970227,-0.2447851828115328,1.0515319678324373,0.3475827946023103,0.37206732245550267
-344.7668131444144,-91.95054638582886,412.21389570345195,-0.04217625354872764,0.14862295199601058,-0.12391715056666973,1.087194193892613,0.19804817198847793,0.19500885235845386
-343.0890897933807,177.78003487837344,-624.4918593471367,-0.6500295468259758,0.05357121101300156,0.24103337840237254,1.73211294224567,0.6953455082908384,0.6115034099044963
-336.8493922017065,-423.85007615815306,-281.31332085250574,-0.32450916022205795,0.5943743000687705,-0.4825334586489453,1.5572509540312658,0.8315200192214134,0.8418301485591013
-322.13037340605115,-217.5867327480036,-383.87569719670404,-0.19149747316621157,0.5742849769281565,-0.318041780520713,1.7288943045525187,0.6838311861206701,0.6040608480275769
-319.9293153617069,549.8346209444984,-709.2344850456215,0.017457511542259337,0.08026855619076907,-0.06407237949480915,2.579677146230577,0.10417809576070014,0.05061852334902122
-315.4436428195451,-357.2784193799102,671.4641256455046,0.5876635683827649,0.11929754372599795,0.23645289767971753,1.4399934304619355,0.6445854065711975,0.7039073598254241
-314.3850091298614,434.8887302037726,346.9324164765239,-0.2738229428158817,-0.20813440359663662,-0.5446131963276446,1.081724627882786,0.6441292320544774,0.850586459793346
-297.234687997857,88.43529967426889,476.64376637436,0.012415912680791487,0.007056853781095113,0.030155729121262794,2.2092303477377477,0.033366481262185436,0.026223086806398888
-295.8249593728867,-148.05414534712546,-391.2008330136804,-0.4856581771274582,0.3467141996853373,-0.14589137389951315,2.0654733015556324,0.6142954454108357,0.4097515527140432
-288.27282245245857,177.21552520541417,68.01324167069734,0.07255788688771217,-0.04339520425902401,0.04794223063707329,0.7142956884350126,0.09719181128444297,0.06923868163076254
-287.97403846786574,-458.66029670236884,297.787940282504,-0.024331289614584986,-0.009157843277366892,0.0019383352787826563,2.391154510419871,0.026069808044068884,0.017414803253224243
-284.9134458609704,67.88737067932662,14.006693343330937,0.019773524282523946,-0.128205665711469,0.5157572013726242,1.5251661014681879,0.5318206236606419,0.5457703910180481
-261.86081977326904,-35.65690262015209,328.58973667927995,0.2651152722995468,0.20394709709515893,0.43634724501311123,1.862547139539827,0.5497994582122986,0.44881648266275725
-259.78281864502776,-458.5596546728961,13.06009325678011,-0.2456531062973249,-0.06993011483341195,-0.030173966283297774,2.3521744586726494,0.25718891468219346,0.15235924579053123
-248.65713320645713,-838.7719597494416,361.48964810940964,-0.08103153115079952,0.14493060172568056,0.10782893451834707,1.2311573806869958,0.19798501831343912,0.20121349043571432
-235.59622990114158,156.47617676051883,-95.62868335396657,0.15290776295203337,0.28132856700363595,0.03510848141330385,1.619056367575166,0.3221166745923949,0.31635646475903206
-228.5010825278278,31.167140858936804,902.2735491357877,-0.008536314221731256,0.09700605774411324,-0.051299127390108376,1.1559688177275047,0.11006654519213788,0.10587633427293265
-227.1103401878037,719.6502189954903,-118.38300924149245,-0.2069021322639587,-0.2121946610852509,-0.08605274867920522,1.1535582630562928,0.30861001617527517,0.32692208577685145
-222.61950616900515,364.30870992974883,541.2913879223423,0.31414493713260405,-0.14970478419438155,0.10466162689621168,1.2966568663466627,0.3633904512797439,0.39207311494746544
-219.46458091195242,339.7304294462927,-883.8267199408814,-0.2548883655134667,-0.709285282277184,-0.5126387841920325,1.8781734958368503,0.9115109508870622,0.6672166350390736
-217.6055186252117,-47.75682085611594,508.032264041675,-0.36888767254126714,-0.7925703047999183,-0.008591370588441666,1.8075653423696287,0.8742537472908745,0.6939693835026923
-203.93849721374116,-0.4909799989263553,222.49970526022946,0.025053149857692185,0.060936278786687795,0.060306106746756606,1.8829400780363268,0.08931806592796399,0.08252239033417368
-202.46104998403024,-127.0933446703326,815.365457654405,-0.3480925063132025,0.056372492602955175,-0.26489321911200564,1.1511801655482752,0.4410381711430409,0.5014849868882542
-201.03672769129736,126.61760682661944,-541.0725887860801,-0.2908602569104753,-0.14731920273931398,-0.17763376903530367,2.238954530174281,0.37129017283987253,0.23278992260165476
-187.98735828131632,211.87382833913315,-368.4251173652781,0.24116397962170827,-0.04323197761144148,-0.3578971778323619,1.9647204028085643,0.43372740155026546,0.3387363265804389
-186.38925589563075,19.306743188401764,-18.276614267893883,-0.29987100283355367,0.0750681513146536,0.05613991846793355,2.8306520246516698,0.3141807379961208,0.07240158243671378
-184.00861098048222,-86.52444905012662,-865.4365145686219,0.03658494742730677,0.24477400760213322,-0.35063892830328286,2.3777412281507027,0.4291857770447929,0.2216232144692419
-179.7345879210014,115.25097761020324,124.0127493471652,-0.19382162479665918,0.30124570709832205,0.32294535296520666,2.7398614069283296,0.482296070153808,0.1268842120770434
-179.0178176574271,545.2218752977852,770.5224488767998,0.1772728664318617,-0.011422660483682212,-0.06570582263190432,1.0623147614970085,0.18940274938138946,0.1840296361466077
-171.33785972355884,-153.43793751769786,-42.21277803115384,-0.33185067349254244,0.4076439062046345,-0.5114459815616232,1.6636420300206312,0.733399901703538,0.6796195964067347
-169.12875830535293,-65.74381549983485,102.89844880531234,-0.14315998939501795,-0.31210859786637624,0.17918409486095407,2.4684227212365344,0.3873157617201195,0.1813277622571927
-169.11052943224874,568.3504142331731,-698.72265920188,-0.040630565494322306,0.8829850664208243,-0.20228514332630443,2.4691001944012476,0.9067705054671327,0.3178658504187353
-168.1159039793217,722.5596348097761,247.79734488728002,-0.29283134105736425,0.0423058569549251,-0.03097926419716765,1.885945970834826,0.2974889823982443,0.25688921068618564
-162.4656872115083,-12.39371282848255,-340.6975636155317,0.07385916080467378,-0.29041737852022026,-0.7320782993032912,2.5094828720238698,0.7910348068777546,0.2750750048753703
-160.92457867730738,-114.19248273934905,135.31685666480485,-0.001567048272405944,-0.5062415245887361,0.1456675254163403,2.2357752731446885,0.526784552563129,0.30569336361282
-154.4161836770263,75.92256905617107,-43.51516127972113,-0.14623785554029206,0.1641740093577274,-0.02885816768838973,2.744946320822681,0.22174627298772287,0.06998611421524106
-153.4516234846439,157.16660264571087,757.5687417405134,-0.2795171159710995,0.3914982973057912,-0.30849396870260815,1.279896015981583,0.5714623903985463,0.6672575613077797
-147.96086647739418,-72.66645546921936,206.2419327285808,0.2997599669750577,0.022852411679976252,0.05274107486245806,1.1196389573663437,0.305221053497504,0.32155848121660185
-139.06787093512207,-617.5613133823646,376.34696529618765,-0.590725605728363,0.013045081769854139,0.17300975662138054,1.8828535181875727,0.615677911986221,0.4854279628398979
-137.72827888659785,298.79351448406214,812.2237267755088,0.5579207527915349,-0.12661916826884334,-0.27096888242509126,0.9229758357822083,0.6330340554909109,0.8680161093174612
-134.26962954313433,168.45878341745183,-84.417227883245,0.17817341860720323,0.5843244267936071,-0.6736858969883781,2.245160916473075,0.9094138170529908,0.4379350632656999
-119.54679673223184,-2.4482472044781227,392.46954486253634,-0.1046361462040679,0.08043404279528443,0.5748192476317676,2.9580976633615697,0.5897758267179014,0.06581045205233985
-115.94104316854727,75.94929706673007,-65.36604888620539,0.01575487282300341,-0.12281061031267008,0.0741086762255752,0.7619766129745321,0.14430092832323238,0.11248225582914852
-105.67065830177772,-429.2313010475957,-183.4224274874623,-0.4012759133385698,0.018533898584667415,0.002390895521900883,1.7486282815691199,0.4017108168867834,0.36682100589461053
-102.84075314383838,454.82405565901735,-365.3997598260273,-0.07895149916587739,-0.23972907374270272,-0.1239564389253479,1.230361233512509,0.2811913348044837,0.29543966365726365
-101.26277823055914,-654.0603958479323,499.12093671434377,0.1438570210071372,0.386589130189031,-0.16766362286205685,0.3135687211105267,0.4452606972376852,0.2562250191827199
-100.34117225564125,274.7690140896104,274.0419201930207,0.03304851193435231,-0.011167600074998988,0.03898699352404919,1.7772920741690312,0.052315438415007076,0.050609354175525936
-99.99153184333376,198.52970283007207,-291.5782996972593,-0.2320278378044902,-0.4789999100481437,0.13857735194296752,0.980134227771453,0.5499831941194946,0.6874619014429622
-97.26138284843212,42.637677676322696,11.953397846629601,0.06966963919976366,0.3808616424340879,-0.7519959829866034,1.5760400925069533,0.8458175971991859,0.8417164287325735
-96.43222775856067,-343.8413602956481,-220.7859128890678,0.025888220426086662,-0.03870712830255727,0.04343170984600551,1.6165785053122432,0.06367695939983231,0.063407814073964
-95.75076092356545,206.11724043398604,-58.628629628811815,-0.2936891609290002,0.6838746919484351,-0.31637939803325416,2.989572903072608,0.8087235875344749,0.0652925741230889
-93.42404533995328,182.81686025811365,53.07524982734588,0.23437457540313208,-0.09183949480496037,0.030751000930865625,0.8106371971730442,0.25359723669566847,0.22729677607033155
-92.25956611583129,-4.21659805623323,119.9279030576231,-0.04231211345960726,-0.01730613686617762,0.044497997411997656,2.874104363037578,0.06379568239565825,0.01579711328413638
-90.56139000572576,346.485744850352,-59.782202685284325,0.08093177450624806,-0.0035409234001998052,-0.3193539786817154,1.6589827188950195,0.32946844152831667,0.31807758092533583
-89.33940032764136,76.75584905696411,14.32557216743414,-0.104826291019336,0.15071177365923522,-0.5093766568476088,1.78467737821831,0.5414491375462978,0.469948360192398
-87.33127768096305,-188.03575603583792,-374.99088117397275,-0.006275760389897862,0.012796568003113422,-0.019653904303156212,2.1292181926170617,0.02427783506590609,0.020303739057253977
-85.16724585953088,101.87418132403693,246.45374375398518,0.020366212357361812,0.06638287560162962,0.12632342808793923,2.681667151602192,0.14414949622810114,0.056053729085195673
-82.7601953950947,-135.48070048978346,-216.39528054299944,0.0007898417235138001,0.01179371440446708,0.02384873741665079,0.30033055849035084,0.02661724677292332,0.00809994388749147
-78.4134352334367,56.6517459493715,-284.4472602454237,-0.1483799617150646,-0.44230647372069726,0.2904787651935329,0.9499818740772786,0.5495721451840163,0.6879391281822358
-78.22095092320323,881.3543729002814,333.32683144839325,0.8295435826259452,0.2399691541875262,-0.03138957360962968,1.738210029561168,0.8641256018477634,0.7359579926735611
-76.2646922446961,-201.5547323952136,53.72308435151601,-0.3528924808940361,-0.23288178002336696,-0.10912395561877136,2.347670835808224,0.4366635595378748,0.2331898079876282
-75.33999445217893,-20.157271985825844,-15.534714467239793,-0.8393078058893417,0.009159943988741466,0.3001289407307971,2.538638352496251,0.8914027589506599,0.28016235900202746
-73.89470200394604,-73.27680817470937,73.14625828310461,0.01144188155133207,-0.4779524474785497,0.13462320169217676,2.3417562529139295,0.496681855052128,0.258307959917169
-72.17196845432126,65.97331015859736,57.24267519023585,0.03249116576879698,0.1558637537666357,-0.12669260129034,1.600542510144784,0.2034703929640746,0.20204101677965414
-55.488425576406506,-37.24313846785761,-59.824944532314824,-0.04547545813705152,0.044902813428166446,0.0021403553497496277,1.6971901609415379,0.06394420276743351,0.06287889455318617
-53.50635986765654,-178.60597674831448,-561.1711561926021,-0.20858173014308917,0.07583115448466327,0.33006681038174607,0.6474065874023097,0.3977446435284086,0.3676677718849947
-50.66874851471919,0.9728862771114933,217.70156013637504,-0.3144129334229087,0.6551105062134785,0.20532621245134092,1.9422811478846291,0.7551053711731176,0.5411200131454109
-46.67671445464014,-5.475829015014195,-46.10294752792552,0.17763088767922677,-0.049671002074565165,-0.13439786057198722,1.4491549529423375,0.22821640088111297,0.2336168869093392
-43.17850958852509,40.367529766108305,-32.11281781573104,0.4599873694892605,0.5451209825740978,0.1622243949968817,1.5084493315125278,0.7314793367309179,0.7684223722504018
-39.101092841488736,39.592500405506115,10.3200237669902,0.014470361318739165,-0.1583516474909532,-0.06303656857407788,0.6867812801513031,0.17105041536748278,0.12683231333492798
-37.18508109665955,52.731590395685714,19.888862191215722,-0.051963558813273907,-0.11186255966206898,0.1454102217112938,1.4872487237397638,0.19067662750536088,0.19338233801610802
-36.79706568076916,-305.13674706276845,-723.0850034002826,-0.3043589782090938,-0.23210965120788773,-0.3311065887321653,2.512177518646102,0.5061035970057733,0.20572817531418772
-34.4437446208173,123.7062241833012,-151.5555906078167,-0.035738750122841105,0.04334111493228516,-0.0704877754133922,2.8757071999909334,0.0901345493506527,0.021624015373826865
-33.57156033431297,17.99450268917954,-44.28498860930167,-0.0024058732845548465,0.008494486739030027,-0.04126259907141106,2.5610171771657115,0.042196523711662604,0.022283745362523234
-33.30289034121855,-659.0488465066811,-157.23083772301072,-0.020646152599725444,0.2343634260061659,-0.1887837462490088,0.9192655023094217,0.3016484409280593,0.29996454535490985
-33.04824182729177,-617.9649001041691,68.05786707444847,0.10850924126110092,-0.10735580452979492,0.011771128113859438,2.3007308854670314,0.15309501514540644,0.10261379931082151
-32.50623489156716,46.110280602628656,12.460054362683225,-0.035591277191201726,-0.022265818714488593,0.017976041734550634,1.7054569462392346,0.045668849028300824,0.04495348019081393
-32.340028975896566,137.7427439282703,35.052185151395676,0.29086717602530554,0.46027796713912306,-0.396223799004078,1.991692157259778,0.6733890554648804,0.4722772263388927
-31.882549346797816,-65.33734833745686,695.6526586859819,0.13727238531844838,-0.12070150505213108,-0.011517246795285627,1.535643883699055,0.1831535095667285,0.1843402066592877
-31.405276683901928,-150.60868819831003,-133.09071657680198,0.05171644902296771,-0.12697883222293704,-0.16502515179376148,2.7002649558884033,0.21454956456912241,0.07558115462697514
-26.976927475665686,-146.72365799519523,18.830548412493215,0.09886844908007326,-0.1912487401627335,0.10392440152798602,2.435421246784676,0.23906344779217473,0.1293592197779263
-23.49834072002274,-44.154713459531884,46.99623789122485,-0.009465380156747659,0.01584330824249507,0.005644210046812132,1.410144188489616,0.019299247255553764,0.019115378609196775
-20.152809113568736,-180.06463893302475,113.65735027540124,-0.12794245209388533,-0.7208010760258529,-0.04497931924455976,2.517000109232186,0.733448431321199,0.25965988401113066
-19.878301999066533,-39.05431337513198,-12.007741339559383,0.04794297943781089,0.08226698850419345,-0.14081191377131652,1.2445871863257763,0.16998347488760232,0.17123711237038658
-13.789513056170028,93.48011951912196,-66.99370617195954,-0.20934586650292208,0.08184563658969832,0.4963557552056296,1.202630853693668,0.544879285508619,0.6474535355191143
-13.749077767172292,-219.63700337093854,5.326282036041772,-0.48296934363530636,-0.7069772840450519,0.020123468203200316,2.6049407625109096,0.8564351820305853,0.24240923620256102
-10.72355140189358,-0.15483913486209935,28.685547639319942,0.013674611330253585,-0.14342214330351621,-0.13545098648692552,0.8471205779861558,0.19774699978783272,0.1730013506774221
-9.655869916780434,65.85185219208391,57.36630411247711,0.5504796708838396,-0.21825055277570524,0.1844969827108315,1.4029662636201599,0.6202421369696532,0.6898192587392407
-9.096916741410228,-164.80947975058658,81.40214860397087,0.8532287965423502,-0.24047372468869135,-0.19073449326683203,1.6688942490859573,0.9067561074713062,0.8223906971823077
-8.864353774944592,-344.92768169672377,-350.21258947689114,0.11954459871906722,0.15892532999872017,0.23644951050358964,0.42013901335924897,0.30896042240955723,0.18237886662223715
-5.251854785499205,-6.2347995890111125,-36.26611801252787,-0.04942346659436698,0.2716520372161461,0.02488876956998084,1.3420468332544226,0.27723087711255134,0.28997857217044964
-1.4668851276449917,-5.584359739126652,12.446802980825193,0.05583643808087462,0.016024189153771653,-0.08997008711796287,0.49758047193271493,0.10709387952450422,0.05699120606579858
-0.3758833960803247,112.16047282095333,-39.073226421372084,0.42917356322579886,-0.22879635842784055,0.05630092879167767,1.067970094274195,0.48959934189557,0.578523384273426
1.514477458493508,53.98361075652553,111.3208712138792,0.535338677321267,-0.19946012991170184,0.35703809588341656,1.936256223892279,0.673682450990474,0.49788130173332973
1.8531036780243597,-170.29389746156195,222.39156331506825,0.03503824264641159,-0.1395715021954172,0.20506607852011993,2.9967454418531756,0.25051941887297713,0.028437813252994472
1.9033478723849557,153.57324399378368,-13.367673932972112,-0.47507226847943607,0.31058023326512163,0.036550061548789765,2.1271355448904807,0.5687615041231563,0.3634174811343208
2.0569192404075065,-2.8522035187190027,0.8741832300194926,-0.37355561018576633,0.2179373502601742,-0.20576712830741145,0.44041007521834,0.4789369411849171,0.3885995140317877
3.5809398820110547,-225.94471301007044,-210.52801872299685,0.009895477993819464,-0.0047828680067566074,0.009966393175546706,1.3547912805480018,0.014836620370751728,0.014542496984349966
7.425113671730538,4.4536063603182425,4.083737560464361,-0.08060571014626834,-0.09947144910732619,-0.08048763070768587,0.3287282450681628,0.15122866260280302,0.05790102804216318
10.056277481582027,-51.59507866515352,23.522216457495713,0.023482832182397925,0.022542471883423763,-0.023626099768509608,0.8761761857180846,0.04022187260923072,0.03179917456036652
11.33515997500783,61.35756122542987,-8.506289166246571,0.28009160907032066,-0.04114328569597099,-0.16760723602190392,1.6711763369834278,0.3289928038671421,0.31592682272004546
12.510033630368554,5.664370057294382,-15.580896935561558,-0.017985884446097083,0.5950215136958718,0.24224714341067305,1.5236554398395818,0.6426957073848136,0.664011413431753
13.263333385282264,26.92833701746301,21.971301139933992,-0.26872884728023644,0.07386632142459164,-0.41276802689716746,0.9587722998177409,0.4980450489965205,0.5937562713472976
14.610755527007173,-4.0581174194971235,1.6887945484859122,-0.26075834917962604,-0.09836962656368327,0.23155231993715725,0.9929690873481697,0.36233682805566686,0.3875279441349688
15.7289055993148,-4.1274830357456285,-10.394088631721687,-0.12507491306255714,0.46172229489647754,-0.2994369015155938,1.5009003421006193,0.5643524337427238,0.5883780840641549
17.623806998608096,-439.59484575683615,105.94117731984281,-0.06713274318285083,0.22609731777197584,-0.02594523824912834,0.27553257079923,0.23727612121480002,0.08608458507754081
22.733362160848667,-124.29314927006298,330.4181833804606,-0.7350597197282348,-0.16876624832328985,-0.22599303106694263,1.3152336536420215,0.787316764860811,0.9741263702551046
24.8288241766623,862.8279486108272,-334.83193187230637,-0.008576689738446299,0.07395223037373846,0.01043942872913945,2.6129153125575897,0.0751762838687231,0.035400984394644106
25.84477102691945,236.4357805448096,-208.44513641788097,0.0358717909466235,-0.06309302896521217,0.3111078222494402,0.6755910658084827,0.3194614104309199,0.27482836224140844
26.035670052094638,709.2046411658986,-539.3501434594758,-0.13458455753443915,0.11282950182893053,0.20298329639512994,1.4325805300416252,0.2684133346634227,0.2770781876799094
29.084323984647128,150.71895262304508,-323.2015560875166,0.7906469202600451,-0.26635195866758493,-0.09013111423723671,1.6107122629868678,0.8391600182065388,0.8088214930541744
33.94827484051399,294.960650336372,401.19583146166485,-0.1759559201023952,-0.32349099779315243,-0.29234576962562664,0.3713505606082522,0.4701839645184529,0.3280813693175404
35.530811229980095,-92.80565806814204,-253.174079039382,0.381881097404601,0.2952106589786429,-0.7158501802465728,2.3644349301483882,0.8633793988094676,0.36162263724144167
36.769261491620256,64.33494121718267,135.78925597328342,-0.3136945628529835,0.1509425719417692,-0.02322439811145934,1.4784482612286154,0.34889441304721425,0.36009938402916764
37.47496994570891,281.00557714919904,177.64585495674928,-0.02489865703619367,-0.055937470343256204,0.152785626498328,1.7624618656121782,0.16459766515687654,0.156217899990149
38.834035336839506,195.2838959149769,140.08969246220704,0.04082816245353111,-0.17356409541578158,0.05516890550112849,0.9992219271741921,0.18664148038692496,0.17649557357037005
41.53447332420457,-83.9392469956583,-87.43682045311841,0.12675011625003324,-0.09802435804337899,0.12504255284616492,1.6692324365174103,0.2032486328650194,0.19793369536094013
43.22534839418277,-587.3274200808297,353.8013612388722,0.6338176698978065,-0.15137353443687013,0.2948071140281673,2.036392568245822,0.7152272506582869,0.4727890958164954
48.7034776101912,-133.77482207147702,87.62971032156476,0.4920560138695623,-0.571199544195023,-0.14722916501040276,2.32018796287524,0.7681565381505681,0.35746747041446225
50.318881009515195,-49.00598753016199,15.644048494256243,0.141658041280208,0.5056505670935583,0.07955221909466421,1.1270811877461482,0.5311102072303522,0.639372931926889
51.37377594762254,28.292006091703737,16.432987868287483,0.580093523716216,-0.6048305646812384,0.21084953915684093,1.8827523623317437,0.864167828834639,0.6372951576960485
57.55678198034179,-847.5003527825077,-6.895647365264728,-0.15190338208120513,-0.13812485879560915,0.16555982882390782,2.069582799164551,0.2637483099949974,0.20349009475404212
57.60109265309481,-614.417754101426,463.87170133270536,0.11574663654054723,-0.0017821290649986607,0.12040546270124731,2.0867232235863185,0.16702675026101452,0.13325725273179
57.76940889767098,-77.19740411814273,-75.45464578158689,-0.044139395630047464,0.06599868409603472,-0.061219459784754945,1.321753559024865,0.10025933774632301,0.0998697053806093
58.79127040580726,-22.202750655677605,73.37469883874276,-0.04215241119763006,0.03625288379457614,0.012110544839044194,1.1201042300155422,0.05690134136815783,0.05264899157912523
63.96095074963655,-357.48943894359445,285.17441589363045,0.0011030710412496473,0.00016054983349514582,-0.010402522290501138,0.9130259831091987,0.010462074936428811,0.008337657241237985
64.72238624939418,292.3182103165586,157.99240380851768,0.12720667169219554,0.030547463999205177,-0.02120632447027025,1.8837405202668558,0.1325307250313192,0.12069918938555453
64.79980491726941,-43.74837976608209,-403.97043491314764,-0.532514030724911,-0.23596527560122296,-0.484795074793572,2.1537806172735765,0.7578107077315268,0.43420398113787995
66.85728656357982,-850.8107386198973,-211.53594328147676,-0.2707765170913253,-0.3312716900365448,0.07718980544838909,2.2747462283877047,0.43476329294564126,0.25332783802004005
72.42014543173673,-165.346537583534,70.04930326681824,-0.021317196254942532,-0.061911514660575595,-0.017041455804607725,2.1802688364859724,0.06765995654505552,0.053219798491680785
75.94399656536322,175.19308513838627,47.74457018857189,0.0975601800162925,0.5397951994215889,0.009725748104043287,2.8198505550402206,0.5486268642890062,0.11049039605124035
77.27620985841159,300.99291100371136,281.94397736019977,-0.2126960608959428,-0.1339952779717882,-0.10791324773075085,0.7080932801532832,0.2735683056846787,0.2303647543938676
77.88634619655436,-609.1919512487099,483.09869283516133,-0.11684861473870638,0.05551078549502406,-0.38968260685489536,0.7662162369813045,0.4105941794008485,0.42122517728819614
86.14354813597424,-6.051227738773406,117.07829415923409,0.6348603511720093,0.1458713744679374,0.5824008330568329,2.8566049680646777,0.8737945145883586,0.1280440701529524
87.37519865892806,-18.025740991627295,-182.98161328943223,-0.004145876727464146,-0.00546846889839386,-0.03630014385052783,2.5832794181935514,0.03694310340917562,0.018921386859946276
88.92775990278965,523.6168212131635,-389.6022438032714,0.10828944902182724,-0.03852362303409449,0.39577565720942015,0.9187111116216303,0.41212746225005725,0.45117467754050383
96.40170404731842,290.18156695693136,598.746892123326,-0.7350677092119,0.09835388309019305,0.5275648178858301,2.0342882493506336,0.9101223327200904,0.5631082686019718
97.0093242988147,121.63069697083715,-784.1521931758159,-0.04525105526195177,-0.03691766334392626,0.03455370761339864,0.8457408177501293,0.06785669148232865,0.053421678007233006
97.86164272437122,-203.77522368113836,-69.37443175544455,-0.2782591453309609,-0.07637483484174591,-0.15894447154811947,1.5625685758103998,0.32943073990314226,0.330400595733803
100.57603029617385,-328.40688517648977,-403.1445550528061,0.17799429808627718,0.11799422488280853,0.10768039985304759,1.0387320206270103,0.23916453702301582,0.23769535780623546
101.50807205183656,355.55829916187884,717.7961184459773,0.3597623318828271,-0.09220289844153703,0.8256858348378346,2.5249957800533727,0.9053658971789482,0.28938484216955923
110.09577573482078,-19.842810485215626,84.80138112871859,0.020166866144253715,-0.1611899499577842,-0.11710974299705931,1.4095868022210114,0.20025881843831622,0.2048763326317433
110.96612673651583,46.811733276978295,-31.41739200262996,0.04397201473076683,-0.23512182084937597,0.2645311518076702,1.239516278504908,0.3566406300405234,0.38634141401174077
113.95057718683437,49.761859465331405,33.22874262731998,0.1024451242009205,-0.04553098166566658,0.009928631029300373,2.3080522718253618,0.1125462192972171,0.07694264386108812
118.88557999088749,-294.19120312955414,-482.0659714291358,0.4669737771293193,0.06334095725829028,-0.6191658675004367,2.414043548003859,0.7781021506655716,0.3161948817637803
130.68072284457614,-13.658166053620645,229.41389755809982,-0.4526668624832397,0.1497623527351309,0.6820627179601322,2.0186607651052446,0.8321932479408523,0.5378070775412521
133.3967524650578,41.798838498145685,-115.77164336629626,-0.03447375686070396,0.06954762762658732,0.013684734703037745,1.3397592677064543,0.07881994915292645,0.07827323242124008
136.74975546817126,333.80015845404756,207.0298570521468,-0.2574750510251839,0.40255281111992197,0.13489113420686508,2.23369931877763,0.496525715072832,0.2932172946405418
144.85471144009568,211.00944910529486,-387.9095757641491,-0.3195858550269589,-0.2851161697966113,0.5234288298101778,0.1751980550041127,0.6763165596739847,0.43584349201084593
149.28857225729539,-641.9799566315539,-138.34172600646272,0.34695792948563736,0.3330605930737118,0.33626695221136155,1.0149578757137587,0.5868429318319266,0.7543930351423236
151.20132420316006,-40.47424252698525,668.6242736257112,0.058740936807225086,0.11918417266842964,0.310612638532523,2.7206324854150785,0.33783957122839275,0.10319651845736137
154.69241207139794,138.8302866160804,310.34796520598485,-0.4378308354844457,0.45125879765931703,-0.2755676207608005,1.2096604261902622,0.6864895167281935,0.8746018376328024
161.43115132141384,-184.02685176119425,169.35506817534062,-0.12777699236671314,0.33067380124744267,0.4396617498733798,1.5290210496540055,0.564778343167865,0.5792524162777574
162.38897975083685,599.3236718383498,-382.0439652088352,-0.0001699670082798349,0.29326606413185324,0.23259823259160564,1.894770372132999,0.374308630764655,0.31386749759125765
163.2433136036945,219.41246349387296,455.8614500851674,0.33264588730919475,-0.5002923311759333,0.37161147091164926,1.8790465759289756,0.7064281904696972,0.545142379256719
165.68718689869485,-122.92172010870871,-169.28550246748202,-0.24371046557595505,-0.00014928734087612042,-0.3212258057239418,1.7014353375969211,0.40321313418706306,0.37802606222688023
165.78585025444102,-130.27577108498468,-525.0915313481879,0.05063876278737782,-0.47533013508070804,0.2362214756120539,1.391793252500067,0.5332012820247309,0.5855801639338579
172.61715375158815,549.4684572391809,580.9514852175147,0.015748211594641737,0.1831867458413967,0.4334029967323195,2.7444605829957207,0.47079034356807387,0.12340166062520039
174.13939455915144,-925.5864866846755,71.46339970861794,-0.03128878297325203,0.017460698435381766,-0.0020683947388329023,0.8739211445558636,0.035890697772462454,0.02823533073289383
175.92389409930374,-451.3582704717154,861.1363609848325,-0.025203629808493277,0.34682518834691484,-0.07985167604347312,0.8609743275642894,0.3567901685786035,0.3631048227780409
176.03219820395836,-920.7760937030005,112.64777940254791,0.799083920967474,0.2519275324670968,0.015251520993810845,1.4573290566212942,0.837994751329826,0.9291824672137888
191.15130136533466,39.774244125080294,27.535438623631276,-0.09357514760596454,0.14140959475733647,-0.008509489795726103,1.188234706779292,0.16978042630260928,0.16925850604894088
206.50088315671226,118.05525925112161,19.870931126179485,0.23454546769787843,0.7303231914426247,-0.12116974019922495,2.3651865356128123,0.7765730141567533,0.33863647984029055
207.10440300919697,316.94212312982876,837.5142602801028,-0.453309928508617,0.36086988651483615,-0.17124191786514134,1.3475872079419606,0.6041860315431415,0.6903372954670234
207.2286988110662,222.10751262944615,271.1202402608852,-0.13375195238454715,0.1029301908704278,0.20192011489819559,2.0551023332859555,0.2631652366096278,0.20533950730255754
215.6485552117147,571.819357486622,-171.97370117951766,-0.258325869404429,0.7591605008605141,-0.043166005465184794,2.429108892686325,0.80306925286563,0.31516651721115263
227.39849198021273,-184.59163530209997,103.86987679186338,0.3091732708911156,-0.25795210600962315,0.4352496309258419,2.6579849270373894,0.5929330836185418,0.1750430155179898
230.99848576718713,174.80623977512823,470.23440268591696,-0.14426218834264712,-0.41347246382153596,0.022862754190080884,1.1683873063368533,0.43851312734423,0.4969814439075078
235.3802426453417,-166.43901830333985,-522.3886485247648,0.44222882305930306,-0.4407430516974351,0.2703060646862166,1.6601998731723902,0.6803573606349338,0.6353611540368658
244.8020917528193,442.3066250181528,-430.30957630530503,-0.05660277351298292,-0.06976122473166775,-0.0750373845395053,1.4102387234555123,0.11705174720589984,0.11796440992932311
251.24131368677965,373.4690551526737,606.5975816055127,0.03695936170868436,-0.1727296969977319,-0.48350186048071225,0.4593809300655861,0.5147577990969654,0.46149114738802377
251.31601642672763,482.7788677737042,214.13783120362834,-0.09148011714967964,0.23919067273459413,-0.0391698524241706,2.159178573300338,0.25906575824658523,0.18617662148693473
260.4342081551326,-336.3949743049193,-554.7963354271516,0.09987690204458893,0.29392713456679753,0.12884577976850795,0.9093197967126124,0.33610979004014085,0.3427373647479367
267.0348583790058,-825.7155244303729,-419.6869140948678,-0.20112211278210315,-0.7393606380074098,-0.2632185745750244,2.5951526807191074,0.8101779281651461,0.23944493249682083
281.3794367979742,-85.8048689119955,84.70188802923866,-0.13540155724875727,-0.6813697940909897,-0.38171246844158674,1.5214619479124047,0.7926555283152674,0.8271080329922025
286.16256625608406,-237.5658888190478,-87.55732639014653,0.1484737681049398,-0.8347407983589933,-0.3142472288629207,2.4600572434978947,0.904205718356345,0.32196810055213265
287.67471184528955,-80.78567898141608,-49.70240922656112,-0.05821165095136551,-0.2501607653064479,0.30277116329052145,1.474318139622817,0.3970382627977899,0.4124730663759507
288.7922975489134,886.9827199495229,-284.8397203253295,0.20092859027061014,-0.2448239974669849,0.47376705361943616,1.0132806970956245,0.5698827153187669,0.7220850344439192
291.24618688693675,-153.307536431667,62.00383099433239,-0.342780203898883,-0.047196146003401857,-0.3057258236570775,0.7650236395568357,0.4617293835498588,0.5034728496988888
294.5584434171677,-218.3790563084297,-643.2604480654719,-0.3698174920470318,-0.2869403686411108,-0.279608482752655,1.9080608888603823,0.545234496530708,0.4296089256336451
295.82058532812187,-85.76556045632455,662.3925562443771,0.4285048694406476,-0.27979999865209504,-0.31275460033400465,1.4416892559524732,0.5997665399221115,0.6497355429168474
300.2210321867571,538.0549485331354,268.2489461816434,0.05465424406683633,0.052956506946009875,0.18090363186314498,2.3580253405190756,0.19625901773859056,0.12021332384821322
300.7524382337554,388.47015302457726,-738.3095472356158,0.21192836252477976,0.12910459824266052,-0.4599876313255654,2.933475018908168,0.5226569133784968,0.06921642694927077
303.3458925182599,-151.1835357404112,98.39674348709302,-0.015536414436896075,-0.10008723001208251,-0.2565119900490567,1.4179253841428439,0.2757847617689815,0.2857123862645687
308.1821335877122,-714.8057626768463,-195.3033288850114,-0.020915815016670017,0.29327732542599366,-0.2899555622303422,1.0688370338207183,0.4129446560922536,0.4627138648278445
310.0819036305298,62.25944265528184,154.11377959389128,-0.44593056827317384,0.21338449649268365,0.3272638236508318,1.2052798580721535,0.5928647614207093,0.721089236368622
319.351214836039,-543.8416071552193,-336.952032550958,-0.02044165186187954,0.03258445980223233,-0.035361598544583435,1.2343623893840945,0.05224988806757258,0.05027052219069971
320.09259142028856,-11.029569132998065,352.1148469173167,0.33157963957466,0.7176435149280604,0.2065186482646782,2.0258664881369226,0.817072349293398,0.5267107232973999
327.7144246015206,-844.315753680358,-244.59178094926864,-0.19520088430347488,-0.17665313537648972,-0.6714726115017592,1.9483252640335575,0.7212386452958518,0.5192271392504533
328.07031975356693,695.5699696227681,550.8650350115544,0.49857582581597487,0.20340292962204934,-0.6161248755328539,1.526402557082443,0.8182667463103266,0.8513263257228904
336.24080997320215,76.18915464496992,-3.55999175748281,-0.17263606101146398,0.019176336943919903,0.633181946719051,1.307853400499367,0.6565746866206981,0.7797871515920781
340.99049178187556,-508.12850298666365,331.11708591529907,-0.49165343071460754,-0.36649056474569025,0.6712345973940788,1.9613636092194564,0.909172323995759,0.6095732747694005
369.92786597828854,-215.13495868510358,-374.0734024841988,-0.038490506765312,-0.15995885607341415,0.16300442564842532,1.2556529320994314,0.23160051279809113,0.2389878740940474
398.50560265853267,349.9325702036341,329.1021543223733,0.3709754084419237,0.5105057212562758,-0.32685615976415583,2.086916284803335,0.7106854397550395,0.44654645011475436
403.85715529950306,677.0707692690613,-535.7386062614626,0.1372791003371704,0.3234699984989348,0.3903509011800775,1.7016613670423746,0.5252163529159982,0.48436064260830775
412.02452821207845,-95.07116568496605,-540.7751637153458,-0.09786116379290535,0.018476692777667104,-0.055425178239633215,1.4154527803929602,0.1139743213965201,0.11481988361156345
418.38445485457856,381.99888623328894,419.33209567995596,0.06850193021532776,0.6020770146394593,0.07016883212270913,2.305009225982862,0.6100105826966072,0.3128001275404578
429.577598700948,-409.6329244567269,-702.5380231989203,-0.22557370855506903,0.08829459076095965,0.16360351920966887,0.3963144334975177,0.2923106981393617,0.1601428017656794
431.1360760695696,548.9029899028322,-617.8877628449756,0.3343499180244273,0.4573969625803158,0.27468943660928874,1.9651108766621739,0.6296476281582966,0.45955448101857865
447.61552227445037,655.2977143068932,313.5629458847365,-0.20605007055526176,0.2575590427008414,-0.031096667411911697,1.809335127153526,0.33130091273180823,0.29649477319742124
461.20150944388485,-288.806196670178,112.22145251195734,-0.25909368145381273,0.1901859597259697,-0.2219478152188772,0.4065605485596541,0.3905906651810957,0.2544619398109185
465.6262408025672,-216.1526224301725,-492.7429538515242,-0.3495844168368353,-0.04419894721547404,0.10034089429988173,0.6802998697642985,0.3663756357879253,0.33497012861375786
474.1905973615917,-505.550810954016,-71.12620499241775,0.013544796989454341,-0.36476000840329964,0.4983439829170268,1.940143332238054,0.6177216610784072,0.4629679586024738
489.31816970839895,-531.1130692498016,13.00507080369087,-0.0045090726175688635,0.004390087673894123,-0.005483302681019224,0.7004516296555389,0.008346928413893284,0.005417997485065607
498.10870794533156,425.732459657382,664.4492927945635,-0.0072326110762443415,0.08894825779486512,-0.06120244845323705,1.5073729181330782,0.10821202763275962,0.10881198299699969
499.8215353423754,-451.2107421179761,419.5338088835629,0.018535223581502443,-0.017543415350365212,-0.040926380332410146,1.5710597819597238,0.04823167571715503,0.048231002682512784
506.9773538954678,-439.33413892027295,-110.86797463864843,0.17242629630214595,-0.09053613749157965,0.16788744473377146,2.2408672151380165,0.25712606625467754,0.17152523102432252
510.1420748224875,81.12451973765117,439.4311061328458,0.5025686344653123,-0.24692791690217866,-0.062466700086135946,2.149224379706623,0.5634276502920575,0.35274425617826155
513.223445059852,66.76977348753418,-86.3494995481256,-0.1897077010353721,0.8696063708376857,-0.17043972492886886,1.5190770437237655,0.9062306284094822,0.9539771526530829
526.6389819097282,-497.069183898446,-599.4583923653801,-0.524820729550975,0.04427829105421764,0.2827848430292119,0.5869885890488016,0.5977998265909381,0.7280687614639062
527.3999242362212,122.13599108869957,-497.18083904113695,-0.103928600912399,0.28763458208268483,0.4277920141941555,0.9258220802589086,0.525871480787637,0.642867592184349
533.9071596464892,80.03351216179887,-443.82831305774505,-0.06216127199751207,-0.28190212730217795,0.11829226108722997,1.0512448882433887,0.3119709796551138,0.326141779829631
543.2661651685918,-783.1186689706253,-240.77518217487915,0.559178302532599,0.06119446077544699,-0.44009920970243893,2.112196002187782,0.7142215695661591,0.4362044500518851
560.4420778644806,-262.64225673065215,-480.30303351370884,-0.016058142489762468,0.07043324264157916,0.0375909710968756,0.7755873667502714,0.08143578278149731,0.060894828124765786
563.9776748688242,80.96642109924845,121.64133717994191,-0.04152414681112396,0.03155428286362367,-0.03532741669249237,0.8153571027788612,0.06299169711632112,0.048133265767957276
610.989985554725,-285.3450662334042,-582.1378397615955,0.028808973132279776,0.012979386622998664,-0.04538982810088629,2.52942060563647,0.05530513452721819,0.030279580351047115
626.338457161502,-166.46521343532623,5.733129008966679,-0.07818698276532669,-0.664317155498798,-0.1653233288833795,1.707068679638904,0.6890299633811594,0.6191543404356112
635.0293127711377,222.41813650270905,170.22753525960783,0.4634946370489282,-0.282840039809108,0.026681944891673196,2.24642633108546,0.543633785627363,0.30908961528060325
639.2193047902433,-217.75889831248008,-120.22823501263353,0.10964924465521697,-0.025521495331971567,-0.10406143915391826,2.565075428648836,0.15330716452998572,0.07325494963103515
648.5080972316343,-373.61774765931955,252.23745506516735,0.3364387633548233,0.1402131791033324,0.2895530579753271,2.277880133553135,0.465501611667295,0.26583962395925936
662.4846754818223,-308.6288444740768,63.1277333824558,0.4862891118634237,0.09823199454806587,-0.0560661270860355,2.4770153938979984,0.49926950204897963,0.21524453709342736
676.057618718111,91.56077232046496,396.3074823706038,-0.11307720506880271,-0.18687517644087778,0.33231779600581884,1.6926656250216632,0.3976731112586647,0.37487101593261474
735.6196104440585,-46.26842269347293,-639.9411862621955,-0.33098241310265875,-0.013872077631205484,0.08955467448182165,0.46002706251658787,0.34316443877915187,0.22974088783420896
757.0683708882899,-141.84126738217623,556.533763104833,0.3037280373227039,-0.13983843821424782,-0.4860711597698431,1.533798812481082,0.5899751535599633,0.604010590299351
767.8082579708887,100.27872372519843,-171.5993537514294,-0.42070374284857465,-0.3140981275531175,0.0591343870772172,0.5150969754769609,0.5283428325568278,0.524395031415767
804.5983443794305,-133.0865157379669,-184.7698457938388,0.07419696755069774,-0.13327807828916877,0.28286623509045916,1.6645996316249159,0.3213744593156463,0.30974770999946727
847.7463634989282,-356.9841144230916,59.49548096360184,-0.05598936911172499,-0.05025469403492044,0.15497345852881753,1.4425779293367667,0.17227047505145962,0.17508109901262398
